<?xml version="1.0" encoding="UTF-8"?>
<tops>
    <students>
            <student>
                <id>1</id>
                <name>Testing</name>
            </student>
            <student>
                <id>2</id>
                <name>IPhone</name>
            </student>
            <student>
                <id>3</id>
                <name>Android</name>
            </student>
            <student>
                <id>4</id>
                <name>JAva</name>
            </student>
      </students>  
</tops>